first_name,last_name,email,gender
Gayla,Kubach,gkubach0@toplist.cz,Female
Xena,Spavon,xspavon1@mac.com,Female
Davie,Laffan,dlaffan2@springer.com,Male
Karine,Rennebeck,krennebeck3@auda.org.au,Female
Winny,Gyngell,wgyngell4@baidu.com,Female
Shurlocke,Cramp,scramp5@prweb.com,Male
Thekla,Pavey,tpavey6@gmpg.org,Female
Kenton,Borrow,kborrow7@biglobe.ne.jp,Male
Tobit,Baskeyfield,tbaskeyfield8@mapquest.com,Male
Barnaby,McCaghan,bmccaghan9@quantcast.com,Male
Gill,McGeagh,gmcgeagha@nydailynews.com,Female
Polly,Bodocs,pbodocsb@businesswire.com,Female
Lorilyn,Eversfield,leversfieldc@google.ru,Female
Darelle,Strevens,dstrevensd@diigo.com,Female
Garvey,Skrzynski,gskrzynskie@google.it,Male
Annelise,McAne,amcanef@4shared.com,Female
Kali,D'Ruel,kdruelg@cnet.com,Female
Lothario,Von Welldun,lvonwelldunh@t-online.de,Male
Hettie,Molloy,hmolloyi@sitemeter.com,Female
Samson,Kew,skewj@apache.org,Male
Sawyer,Knoble,sknoblek@yellowbook.com,Male
Pat,Alasdair,palasdairl@skype.com,Male
Page,Caws,pcawsm@youku.com,Male
Rosemonde,Thomassen,rthomassenn@bloglovin.com,Female
Wyn,Shotboult,wshotboulto@mit.edu,Male
Bartholomeus,Ibarra,bibarrap@mediafire.com,Male
Pen,Shea,psheaq@ow.ly,Male
Alla,Tapenden,atapendenr@yolasite.com,Female
Westbrooke,Robak,wrobaks@vistaprint.com,Male
Bamby,Mallabar,bmallabart@squidoo.com,Female
Sharia,Pillington,spillingtonu@dedecms.com,Female
Jessalin,Witchalls,jwitchallsv@ed.gov,Female
Leif,Warrick,lwarrickw@angelfire.com,Male
Modestine,Brolan,mbrolanx@dedecms.com,Female
Effie,Liversidge,eliversidgey@mlb.com,Female
Rudolfo,Dibdall,rdibdallz@walmart.com,Male
Con,Katzmann,ckatzmann10@ning.com,Female
Natassia,Nozzolii,nnozzolii11@deviantart.com,Female
Fern,Staniforth,fstaniforth12@macromedia.com,Female
Garrot,Aldgate,galdgate13@imgur.com,Male
Lela,Lyddiatt,llyddiatt14@nymag.com,Female
Yvon,Berntssen,yberntssen15@yandex.ru,Male
Bill,Ilyinykh,bilyinykh16@google.ca,Male
Rutherford,Hiscocks,rhiscocks17@tinypic.com,Male
Ragnar,Ruffle,rruffle18@tuttocitta.it,Male
Lyndell,Riatt,lriatt19@digg.com,Female
Bale,Toma,btoma1a@sourceforge.net,Male
Sebastien,Edgars,sedgars1b@goo.ne.jp,Male
Valene,Yapp,vyapp1c@twitter.com,Female
Geoffrey,Verzey,gverzey1d@statcounter.com,Male
Allan,Zink,azink1e@ox.ac.uk,Male
Christiano,Broadey,cbroadey1f@is.gd,Male
Aldrich,McMillian,amcmillian1g@parallels.com,Male
Dena,Bampford,dbampford1h@sfgate.com,Female
Mitch,Petyanin,mpetyanin1i@fastcompany.com,Male
Ephrem,Dawks,edawks1j@netvibes.com,Male
Lockwood,Blewmen,lblewmen1k@ox.ac.uk,Male
Francklyn,Jery,fjery1l@oracle.com,Male
Josephine,Zelland,jzelland1m@techcrunch.com,Female
Hillary,Duerdin,hduerdin1n@columbia.edu,Female
Carolin,Isenor,cisenor1o@google.co.uk,Female
Rhonda,Waterman,rwaterman1p@edublogs.org,Female
Byran,Martyntsev,bmartyntsev1q@rediff.com,Male
Jermain,Lavallie,jlavallie1r@google.de,Male
Clarke,Kilbourne,ckilbourne1s@va.gov,Male
Erinn,Carthy,ecarthy1t@is.gd,Female
Dian,Mollen,dmollen1u@technorati.com,Female
Redd,Ivanshintsev,rivanshintsev1v@sciencedaily.com,Male
Zeb,Cluse,zcluse1w@amazon.co.uk,Male
Farrel,Watsam,fwatsam1x@twitter.com,Male
Jae,Vannah,jvannah1y@delicious.com,Male
Doralia,Bezarra,dbezarra1z@netlog.com,Female
Neron,Thieme,nthieme20@networksolutions.com,Male
Ronna,Birtwhistle,rbirtwhistle21@elegantthemes.com,Female
Gawain,Setterfield,gsetterfield22@ebay.co.uk,Male
Sophi,Adriaens,sadriaens23@shop-pro.jp,Female
Joellyn,Heddon,jheddon24@slideshare.net,Female
Daisy,Harrie,dharrie25@ox.ac.uk,Female
Richardo,Rathmell,rrathmell26@webnode.com,Male
Brandy,Bishell,bbishell27@cnn.com,Female
Flore,Ramsby,framsby28@mozilla.org,Female
Darrick,Hinstock,dhinstock29@sina.com.cn,Male
Truman,Sawley,tsawley2a@narod.ru,Male
Lorie,Hintzer,lhintzer2b@uol.com.br,Female
Nannette,Clemson,nclemson2c@stumbleupon.com,Female
Vivianne,Cardus,vcardus2d@deliciousdays.com,Female
Jerrilyn,Sully,jsully2e@whitehouse.gov,Female
Eziechiele,Clausius,eclausius2f@marriott.com,Male
Lorain,Dalmon,ldalmon2g@homestead.com,Female
Yorker,enzley,yenzley2h@networkadvertising.org,Male
Mitchael,Stanlack,mstanlack2i@blogtalkradio.com,Male
Guinevere,Poltun,gpoltun2j@bizjournals.com,Female
Rivkah,Gerritsma,rgerritsma2k@bluehost.com,Female
Hatti,Rowling,hrowling2l@go.com,Female
Christie,Cushelly,ccushelly2m@nationalgeographic.com,Male
Atalanta,Busby,abusby2n@google.it,Female
Lenard,Surgen,lsurgen2o@census.gov,Male
Val,Hovey,vhovey2p@squarespace.com,Male
Anna-diane,Lainge,alainge2q@adobe.com,Female
Bartolemo,Elfleet,belfleet2r@w3.org,Male
Derby,Chainey,dchainey2s@cdbaby.com,Male
Jorey,Wilne,jwilne2t@bloglovin.com,Female
Vin,Yvon,vyvon2u@bluehost.com,Male
Uriah,Nunns,ununns2v@rambler.ru,Male
Frans,Wrassell,fwrassell2w@bizjournals.com,Male
Spense,Sign,ssign2x@cornell.edu,Male
Kain,Labadini,klabadini2y@diigo.com,Male
Lev,Barratt,lbarratt2z@mac.com,Male
Norri,Rentenbeck,nrentenbeck30@google.cn,Female
Hana,Bunton,hbunton31@cloudflare.com,Female
Gaston,Kersley,gkersley32@java.com,Male
Olag,Maplethorp,omaplethorp33@nymag.com,Male
Arlene,Kowalski,akowalski34@patch.com,Female
Otis,McGilben,omcgilben35@comcast.net,Male
Katherine,Ferrillio,kferrillio36@google.it,Female
Jermain,Stainland,jstainland37@indiatimes.com,Male
Kleon,Chudleigh,kchudleigh38@ehow.com,Male
Milt,Aust,maust39@nydailynews.com,Male
Lauren,Guerro,lguerro3a@icio.us,Female
Beverly,Gallienne,bgallienne3b@bbb.org,Female
Jeramie,Marzello,jmarzello3c@jalbum.net,Male
Nickie,Cansfield,ncansfield3d@patch.com,Male
Zollie,McElmurray,zmcelmurray3e@dagondesign.com,Male
Forrest,O'Fogerty,fofogerty3f@oracle.com,Male
Conni,Wessell,cwessell3g@java.com,Female
Ag,Whiley,awhiley3h@symantec.com,Female
Vern,Faiers,vfaiers3i@va.gov,Male
Clive,Conklin,cconklin3j@aol.com,Male
Yehudi,McIlwrath,ymcilwrath3k@java.com,Male
Errol,Georg,egeorg3l@wiley.com,Male
Costa,Davidovic,cdavidovic3m@samsung.com,Male
Lacee,Cathro,lcathro3n@ucoz.com,Female
Corenda,Phalip,cphalip3o@skyrock.com,Female
Reyna,Brandrick,rbrandrick3p@gmpg.org,Female
Johan,Hamley,jhamley3q@purevolume.com,Male
Thia,Nielson,tnielson3r@ocn.ne.jp,Female
Una,Odell,uodell3s@cbsnews.com,Female
Muhammad,Crowter,mcrowter3t@addthis.com,Male
Keith,Goodwin,kgoodwin3u@ucsd.edu,Male
Leah,MacCaffrey,lmaccaffrey3v@123-reg.co.uk,Female
Lisha,Masse,lmasse3w@ifeng.com,Female
Karleen,Booley,kbooley3x@wsj.com,Female
Sidonnie,Kapelhof,skapelhof3y@amazonaws.com,Female
Giffer,Tuckey,gtuckey3z@4shared.com,Male
Maegan,Ashment,mashment40@deliciousdays.com,Female
Marilin,Sangster,msangster41@furl.net,Female
Hilarius,Cremer,hcremer42@prweb.com,Male
Clem,ffrench Beytagh,cffrenchbeytagh43@goo.ne.jp,Female
Ugo,Troutbeck,utroutbeck44@bloglines.com,Male
Cyndie,Tattersdill,ctattersdill45@dyndns.org,Female
Kelbee,Elgood,kelgood46@hibu.com,Male
Ilario,Hathwood,ihathwood47@phoca.cz,Male
Yolane,Skace,yskace48@usda.gov,Female
Cobby,Bengal,cbengal49@irs.gov,Male
Murvyn,Kalinsky,mkalinsky4a@house.gov,Male
Dare,Ganny,dganny4b@paypal.com,Male
Keir,Tinsey,ktinsey4c@cafepress.com,Male
Madelyn,Crang,mcrang4d@scribd.com,Female
Lamond,Philipot,lphilipot4e@newyorker.com,Male
Falkner,Walch,fwalch4f@desdev.cn,Male
Granger,Vinall,gvinall4g@typepad.com,Male
Lauren,Whitcher,lwhitcher4h@xing.com,Female
Grant,Jerrard,gjerrard4i@hostgator.com,Male
Gloriane,Tonner,gtonner4j@tmall.com,Female
Orren,Kibblewhite,okibblewhite4k@sakura.ne.jp,Male
Terrye,Fenners,tfenners4l@com.com,Female
Farrell,Jedrzejewsky,fjedrzejewsky4m@livejournal.com,Male
Bucky,Cattach,bcattach4n@skype.com,Male
Anabel,Sneddon,asneddon4o@jiathis.com,Female
Vi,Instock,vinstock4p@ebay.co.uk,Female
Alis,Tchir,atchir4q@irs.gov,Female
Lorraine,Wylder,lwylder4r@so-net.ne.jp,Female
Ellynn,Lawrey,elawrey4s@si.edu,Female
Pavla,Nutman,pnutman4t@nsw.gov.au,Female
Georgetta,Buick,gbuick4u@jiathis.com,Female
Robinetta,Figgs,rfiggs4v@blogs.com,Female
Dodie,Winsley,dwinsley4w@msu.edu,Female
Bjorn,Smogur,bsmogur4x@last.fm,Male
Elmira,Yeowell,eyeowell4y@dagondesign.com,Female
Mitchel,Oakes,moakes4z@cnbc.com,Male
Reeba,Penella,rpenella50@gov.uk,Female
Steffane,Esche,sesche51@mapy.cz,Female
Calida,Evreux,cevreux52@cargocollective.com,Female
Pren,Malkin,pmalkin53@elpais.com,Male
Erv,Widdall,ewiddall54@pinterest.com,Male
Sheilakathryn,Gibbings,sgibbings55@bloglines.com,Female
Hamel,Silberschatz,hsilberschatz56@discovery.com,Male
Simmonds,Pryde,spryde57@godaddy.com,Male
Jobye,Zamudio,jzamudio58@example.com,Female
Ian,Murphey,imurphey59@flavors.me,Male
Lilllie,Whitfeld,lwhitfeld5a@ycombinator.com,Female
Pail,Chiverstone,pchiverstone5b@about.me,Male
Robbie,Toynbee,rtoynbee5c@illinois.edu,Male
Norma,Jahn,njahn5d@ehow.com,Female
Dugald,Fidgin,dfidgin5e@diigo.com,Male
Liuka,Smeeton,lsmeeton5f@a8.net,Female
Janaya,Rainbird,jrainbird5g@prweb.com,Female
Rochelle,Lyston,rlyston5h@bing.com,Female
Adelice,Broske,abroske5i@hibu.com,Female
Merridie,Febre,mfebre5j@yellowpages.com,Female
Betsy,McEnhill,bmcenhill5k@sohu.com,Female
Brion,Carbine,bcarbine5l@twitpic.com,Male
Francisco,Readhead,freadhead5m@upenn.edu,Male
Anatole,Gaye,agaye5n@amazon.de,Male
Donnajean,Manueli,dmanueli5o@list-manage.com,Female
Dietrich,Knagges,dknagges5p@uol.com.br,Male
Ulrikaumeko,Dunkerley,udunkerley5q@ucoz.com,Female
Gusti,Easum,geasum5r@unesco.org,Female
Obed,McDavitt,omcdavitt5s@sciencedirect.com,Male
Mahala,Crumly,mcrumly5t@ftc.gov,Female
Lissi,Dewett,ldewett5u@buzzfeed.com,Female
Elvyn,Caldroni,ecaldroni5v@netlog.com,Male
Ema,Bloys,ebloys5w@addthis.com,Female
Griffin,Gatus,ggatus5x@virginia.edu,Male
Tabor,Marl,tmarl5y@storify.com,Male
Olimpia,Bagott,obagott5z@nba.com,Female
Betty,Jowling,bjowling60@alexa.com,Female
Ibrahim,McMurrugh,imcmurrugh61@forbes.com,Male
Jethro,Cullinan,jcullinan62@alibaba.com,Male
Octavius,Drinkhill,odrinkhill63@cornell.edu,Male
Ewen,Rockliffe,erockliffe64@nasa.gov,Male
Eddy,Bravery,ebravery65@xing.com,Male
Kylie,Ledingham,kledingham66@homestead.com,Female
Israel,Headley,iheadley67@kickstarter.com,Male
Jemmie,Crommett,jcrommett68@google.com.au,Female
Yanaton,Medina,ymedina69@walmart.com,Male
Oralla,Doumerque,odoumerque6a@soup.io,Female
Marena,Van der Beek,mvanderbeek6b@wikispaces.com,Female
Adan,Ossulton,aossulton6c@free.fr,Female
Sterne,Stennine,sstennine6d@typepad.com,Male
Gertrudis,Pimblott,gpimblott6e@mozilla.org,Female
Loy,Maywood,lmaywood6f@disqus.com,Male
Jerrie,Rostern,jrostern6g@salon.com,Female
Baron,Exelby,bexelby6h@mlb.com,Male
Jaynell,Densell,jdensell6i@yelp.com,Female
Kendell,Josham,kjosham6j@reuters.com,Male
Alfonse,Trobe,atrobe6k@dion.ne.jp,Male
Andris,Philipot,aphilipot6l@unc.edu,Male
Loutitia,Swatland,lswatland6m@yellowbook.com,Female
Fran,Seawright,fseawright6n@geocities.com,Female
Chickie,Alston,calston6o@gov.uk,Male
Sophie,Ridley,sridley6p@businesswire.com,Female
Bar,Royan,broyan6q@craigslist.org,Male
Correy,Tuxill,ctuxill6r@ifeng.com,Male
Thomasa,Burless,tburless6s@ucoz.ru,Female
Irving,Kleinerman,ikleinerman6t@virginia.edu,Male
Jaye,Dewes,jdewes6u@wp.com,Male
Rafferty,Prier,rprier6v@sbwire.com,Male
Lulita,Frostdick,lfrostdick6w@disqus.com,Female
Benita,Georgeon,bgeorgeon6x@eventbrite.com,Female
Horace,Weddup,hweddup6y@businessinsider.com,Male
Rosemary,Dimitriou,rdimitriou6z@mlb.com,Female
Stanly,Swainston,sswainston70@cafepress.com,Male
Heindrick,Grutchfield,hgrutchfield71@networksolutions.com,Male
Horst,Burness,hburness72@tamu.edu,Male
Silvan,Wildgoose,swildgoose73@com.com,Male
Sibyl,Hagwood,shagwood74@ezinearticles.com,Female
Kary,Ortiga,kortiga75@bloomberg.com,Female
Brose,Kiln,bkiln76@narod.ru,Male
Bessie,McLurg,bmclurg77@bravesites.com,Female
Eadie,Spiteri,espiteri78@wordpress.com,Female
Gisela,Oxberry,goxberry79@topsy.com,Female
Rory,Sephton,rsephton7a@umich.edu,Male
Vida,Free,vfree7b@goo.ne.jp,Female
Malina,Coffin,mcoffin7c@foxnews.com,Female
Niki,Allebone,nallebone7d@usatoday.com,Female
Bee,Maestro,bmaestro7e@alibaba.com,Female
Breena,Prestage,bprestage7f@bloomberg.com,Female
Laney,Gheeraert,lgheeraert7g@mapy.cz,Male
Wallis,Seeds,wseeds7h@craigslist.org,Female
Walsh,Gonzalvo,wgonzalvo7i@cocolog-nifty.com,Male
Faina,Pigeram,fpigeram7j@indiatimes.com,Female
Barthel,McFfaden,bmcffaden7k@qq.com,Male
Jeffy,Beckles,jbeckles7l@woothemes.com,Male
Foster,Fairfull,ffairfull7m@marriott.com,Male
Maria,Sallnow,msallnow7n@cnbc.com,Female
Gerhardt,Trivett,gtrivett7o@qq.com,Male
Barb,Hanscom,bhanscom7p@hc360.com,Female
Caro,Lilion,clilion7q@telegraph.co.uk,Female
Cassey,Kynman,ckynman7r@opensource.org,Female
Natty,Foard,nfoard7s@foxnews.com,Male
Magdaia,Mather,mmather7t@netlog.com,Female
Sim,Marns,smarns7u@hostgator.com,Male
Egor,Bowers,ebowers7v@businessweek.com,Male
Nicoline,Petkovic,npetkovic7w@hp.com,Female
Josi,Laise,jlaise7x@dmoz.org,Female
Hamnet,Twell,htwell7y@dyndns.org,Male
Bertine,Ivanin,bivanin7z@rediff.com,Female
Nessy,Giorgetti,ngiorgetti80@cargocollective.com,Female
Hendrik,Bonallick,hbonallick81@cocolog-nifty.com,Male
Coleen,Bowkett,cbowkett82@samsung.com,Female
Kerk,Kuschke,kkuschke83@webeden.co.uk,Male
Tanhya,Covert,tcovert84@google.pl,Female
Alex,Duffield,aduffield85@google.com.hk,Male
Abbie,Hanvey,ahanvey86@taobao.com,Male
Clark,Buggs,cbuggs87@printfriendly.com,Male
Sara-ann,Fumagallo,sfumagallo88@prlog.org,Female
Wadsworth,Mccaull,wmccaull89@posterous.com,Male
Bibby,MacAllester,bmacallester8a@examiner.com,Female
Carmencita,Pounsett,cpounsett8b@admin.ch,Female
Carmela,Teare,cteare8c@t.co,Female
Amos,Ephson,aephson8d@wordpress.com,Male
Alain,Turpey,aturpey8e@ifeng.com,Male
Fiona,Sidebotton,fsidebotton8f@nbcnews.com,Female
Sheppard,Mallinson,smallinson8g@miitbeian.gov.cn,Male
Bambie,Ambrois,bambrois8h@sciencedirect.com,Female
Monika,Starford,mstarford8i@deliciousdays.com,Female
Helen-elizabeth,Bunney,hbunney8j@newyorker.com,Female
Deny,Adenet,dadenet8k@salon.com,Female
Milly,Haughan,mhaughan8l@amazon.de,Female
Joanie,Treadway,jtreadway8m@nasa.gov,Female
Cecilio,Arnason,carnason8n@geocities.jp,Male
Val,Swindin,vswindin8o@vk.com,Male
Felicle,Duddle,fduddle8p@diigo.com,Female
Llewellyn,Breeds,lbreeds8q@sphinn.com,Male
Golda,Coggeshall,gcoggeshall8r@yale.edu,Female
Jacinta,Rudolph,jrudolph8s@home.pl,Female
Linea,MacNeill,lmacneill8t@constantcontact.com,Female
Becka,Wurst,bwurst8u@blogspot.com,Female
Yehudit,Bagnall,ybagnall8v@ucla.edu,Male
Brigid,Abbess,babbess8w@wufoo.com,Female
Kelly,Lanktree,klanktree8x@google.com.hk,Male
Nevsa,Pusey,npusey8y@qq.com,Female
Lisbeth,Widocks,lwidocks8z@about.me,Female
Issiah,Steketee,isteketee90@infoseek.co.jp,Male
Hedvig,Mottram,hmottram91@harvard.edu,Female
Johnathon,McClay,jmcclay92@rakuten.co.jp,Male
Alayne,Mullender,amullender93@oakley.com,Female
Abe,Bottini,abottini94@state.tx.us,Male
Pippo,McGrann,pmcgrann95@illinois.edu,Male
Xena,Casiero,xcasiero96@devhub.com,Female
Gilly,Beggini,gbeggini97@intel.com,Female
Rosemarie,McGloughlin,rmcgloughlin98@unblog.fr,Female
Abram,Dormer,adormer99@eepurl.com,Male
Tymothy,Decourt,tdecourt9a@answers.com,Male
Rosina,Kobsch,rkobsch9b@flickr.com,Female
Rowland,Dann,rdann9c@prweb.com,Male
Mellisent,Vallintine,mvallintine9d@oaic.gov.au,Female
Caldwell,Bailey,cbailey9e@ow.ly,Male
Darice,Tosh,dtosh9f@reddit.com,Female
Linc,Clynman,lclynman9g@ebay.com,Male
Goldina,Moreinis,gmoreinis9h@ebay.com,Female
Anderea,McKue,amckue9i@topsy.com,Female
Isidore,Northin,inorthin9j@wikispaces.com,Male
Jeanna,Spata,jspata9k@last.fm,Female
Ringo,O'Gormally,rogormally9l@engadget.com,Male
Brinn,McConachie,bmcconachie9m@twitter.com,Female
Bail,Weddup,bweddup9n@weebly.com,Male
Virginia,Thewys,vthewys9o@joomla.org,Female
Lilia,Hugli,lhugli9p@pcworld.com,Female
Dominga,Bastable,dbastable9q@springer.com,Female
Peggi,Musk,pmusk9r@pagesperso-orange.fr,Female
Cherice,Smeuin,csmeuin9s@sourceforge.net,Female
Fonz,Dowry,fdowry9t@discuz.net,Male
Marci,Bullent,mbullent9u@uol.com.br,Female
Wilie,Chiles,wchiles9v@hubpages.com,Female
Darla,Vasiltsov,dvasiltsov9w@techcrunch.com,Female
Bernette,Cardenoza,bcardenoza9x@i2i.jp,Female
Gabriel,Beynon,gbeynon9y@google.fr,Female
Ragnar,Alders,ralders9z@latimes.com,Male
Leticia,Challoner,lchallonera0@webs.com,Female
Anna,Earpe,aearpea1@boston.com,Female
Russ,Manuelli,rmanuellia2@pagesperso-orange.fr,Male
Brockie,Bergstram,bbergstrama3@yahoo.com,Male
Grier,Janacek,gjanaceka4@ning.com,Female
Hercules,Trunks,htrunksa5@netscape.com,Male
Johny,Devonshire,jdevonshirea6@technorati.com,Male
Zebulen,Teall,ztealla7@walmart.com,Male
Caldwell,Munkton,cmunktona8@mail.ru,Male
Gonzalo,Ashlin,gashlina9@macromedia.com,Male
Mariele,Yelyashev,myelyashevaa@desdev.cn,Female
Haze,Brushfield,hbrushfieldab@nps.gov,Male
Delmer,Eydel,deydelac@amazon.de,Male
Jandy,Sinton,jsintonad@omniture.com,Female
Clarance,Seal,csealae@reddit.com,Male
Arlene,Dargue,adargueaf@slideshare.net,Female
Alana,Harlock,aharlockag@wp.com,Female
Brucie,Wackett,bwackettah@tinypic.com,Male
Rinaldo,Krebs,rkrebsai@fc2.com,Male
Nikola,Willshire,nwillshireaj@seattletimes.com,Male
Bendix,Ply,bplyak@hibu.com,Male
Welsh,Holtaway,wholtawayal@gmpg.org,Male
Arie,Holborn,aholbornam@mysql.com,Male
Cristin,Simanek,csimanekan@sakura.ne.jp,Female
Teodoor,Steckings,tsteckingsao@plala.or.jp,Male
Gradeigh,Gregoli,ggregoliap@vk.com,Male
Freddy,McFfaden,fmcffadenaq@nytimes.com,Male
Ailene,Jeandeau,ajeandeauar@g.co,Female
Ileana,Tidbold,itidboldas@prweb.com,Female
Georges,Oehme,goehmeat@archive.org,Male
Doreen,Swyer,dswyerau@bluehost.com,Female
Woodman,Sibille,wsibilleav@hp.com,Male
Donny,Hamberston,dhamberstonaw@taobao.com,Female
Claiborn,De Blasi,cdeblasiax@cornell.edu,Male
Daphene,Cobbin,dcobbinay@mlb.com,Female
Seward,Petticrew,spetticrewaz@epa.gov,Male
Iseabal,Matteucci,imatteuccib0@drupal.org,Female
Corrine,Poel,cpoelb1@fema.gov,Female
Danila,de Castelain,ddecastelainb2@amazonaws.com,Female
Manny,Greguoli,mgreguolib3@webmd.com,Male
Nola,Ferrotti,nferrottib4@moonfruit.com,Female
Borden,Doudny,bdoudnyb5@cbslocal.com,Male
Caye,Leades,cleadesb6@army.mil,Female
Kerby,Maddaford,kmaddafordb7@ustream.tv,Male
Oswald,Guilfoyle,oguilfoyleb8@geocities.jp,Male
Bethany,Linnard,blinnardb9@blog.com,Female
Tristan,Klauer,tklauerba@accuweather.com,Male
Magdalene,Lasham,mlashambb@shareasale.com,Female
Milicent,Rubinsohn,mrubinsohnbc@cisco.com,Female
Montgomery,Greenier,mgreenierbd@rediff.com,Male
Ashia,Pauls,apaulsbe@mashable.com,Female
Ivan,Phythean,iphytheanbf@nytimes.com,Male
Ariela,Rock,arockbg@reverbnation.com,Female
Jules,Danielut,jdanielutbh@bbc.co.uk,Male
Audry,Boas,aboasbi@domainmarket.com,Female
Walton,Richold,wricholdbj@psu.edu,Male
Lenore,Jacmard,ljacmardbk@photobucket.com,Female
Celisse,Detoc,cdetocbl@people.com.cn,Female
Camey,Jacob,cjacobbm@blogs.com,Male
Carey,Benjefield,cbenjefieldbn@walmart.com,Male
Caleb,Lagne,clagnebo@huffingtonpost.com,Male
Dukie,Hambers,dhambersbp@blog.com,Male
Ciro,Ladon,cladonbq@netvibes.com,Male
Megan,Battams,mbattamsbr@twitter.com,Female
Maureen,Casiero,mcasierobs@google.co.uk,Female
Cammi,Allaker,callakerbt@hhs.gov,Female
Noelyn,Wayon,nwayonbu@amazon.com,Female
Kylie,Eyes,keyesbv@google.fr,Male
Gaultiero,Brolan,gbrolanbw@independent.co.uk,Male
Augustine,Kirton,akirtonbx@printfriendly.com,Male
Danella,Outram,doutramby@amazon.com,Female
Rawley,Clifft,rclifftbz@merriam-webster.com,Male
Joyan,Olivie,joliviec0@ehow.com,Female
Joseito,Dacca,jdaccac1@ted.com,Male
Raymund,Beardall,rbeardallc2@themeforest.net,Male
Burk,De Gregoli,bdegregolic3@ed.gov,Male
Carlota,McIlwrick,cmcilwrickc4@shutterfly.com,Female
Saunders,Angrove,sangrovec5@hostgator.com,Male
Lainey,Teodoro,lteodoroc6@purevolume.com,Female
Michelle,Aspland,masplandc7@goo.gl,Female
Shandy,Shone,sshonec8@cpanel.net,Female
Hilliary,Coushe,hcoushec9@sohu.com,Female
Shelli,Forkan,sforkanca@people.com.cn,Female
Karry,Layton,klaytoncb@cbsnews.com,Female
Gwen,Schulze,gschulzecc@ycombinator.com,Female
Sylvan,Tolan,stolancd@ameblo.jp,Male
Deeyn,Vanichkin,dvanichkince@indiegogo.com,Female
Cristian,Ruggier,cruggiercf@etsy.com,Male
Orelee,Gisbey,ogisbeycg@microsoft.com,Female
Dougie,Lilleycrop,dlilleycropch@earthlink.net,Male
Levi,Laundon,llaundonci@wordpress.com,Male
Jamey,Weildish,jweildishcj@list-manage.com,Male
Ileana,Rounding,iroundingck@bandcamp.com,Female
Madella,Catanheira,mcatanheiracl@so-net.ne.jp,Female
Sibylla,Horstead,shorsteadcm@spotify.com,Female
Lanita,Tabbitt,ltabbittcn@sun.com,Female
Orville,Croydon,ocroydonco@elpais.com,Male
Marja,Agus,maguscp@businessweek.com,Female
Krisha,Blasgen,kblasgencq@merriam-webster.com,Male
Donnie,Caps,dcapscr@comcast.net,Male
Constancy,Diess,cdiesscs@diigo.com,Female
Tate,Gunther,tguntherct@cbc.ca,Female
Amelita,Dan,adancu@ifeng.com,Female
Travis,Budgey,tbudgeycv@hp.com,Male
Sheppard,Dumingo,sdumingocw@cnet.com,Male
Corny,Bidewell,cbidewellcx@nytimes.com,Male
Teodorico,McIlvoray,tmcilvoraycy@nature.com,Male
Earl,Brodbin,ebrodbincz@umn.edu,Male
Levey,Salliss,lsallissd0@prnewswire.com,Male
Valentijn,Lasty,vlastyd1@edublogs.org,Male
Yalonda,Audsley,yaudsleyd2@wp.com,Female
Rhetta,Cudby,rcudbyd3@netscape.com,Female
Cecilio,Pomfrey,cpomfreyd4@theglobeandmail.com,Male
Conney,Klagge,cklagged5@dion.ne.jp,Male
Lorri,Applewhite,lapplewhited6@flavors.me,Female
Lyman,Kurt,lkurtd7@walmart.com,Male
Roderigo,Cressor,rcressord8@amazon.co.uk,Male
Gennifer,Bang,gbangd9@hp.com,Female
Tildy,Hull,thullda@last.fm,Female
Taddeusz,Junifer,tjuniferdb@zdnet.com,Male
Sheffy,Ciciura,sciciuradc@goo.gl,Male
Brennen,Lambal,blambaldd@nih.gov,Male
Pearce,Alman,palmande@ebay.com,Male
Anatol,Ranyelld,aranyellddf@redcross.org,Male
Enrichetta,Polin,epolindg@dagondesign.com,Female
Arlin,Dines,adinesdh@skype.com,Male
Justinn,Pendrigh,jpendrighdi@wordpress.com,Female
Allsun,Weaving,aweavingdj@tumblr.com,Female
Bale,Mecozzi,bmecozzidk@discuz.net,Male
Minetta,Olpin,molpindl@imgur.com,Female
Gael,Holdey,gholdeydm@123-reg.co.uk,Male
Bethanne,Happer,bhapperdn@cafepress.com,Female
Leupold,Olenikov,lolenikovdo@hud.gov,Male
Obadiah,Vellden,ovelldendp@flickr.com,Male
Marilyn,Eastbrook,meastbrookdq@state.tx.us,Female
Barrie,Tomasicchio,btomasicchiodr@webnode.com,Male
Morie,O'Howbane,mohowbaneds@yellowpages.com,Male
Ogden,Poolton,opooltondt@hatena.ne.jp,Male
Marsh,Bilbrooke,mbilbrookedu@devhub.com,Male
Jourdain,Burbank,jburbankdv@geocities.jp,Male
Angelique,Tossell,atosselldw@merriam-webster.com,Female
Leann,Winridge,lwinridgedx@bbc.co.uk,Female
Gennie,Phittiplace,gphittiplacedy@go.com,Female
Genevieve,Marple,gmarpledz@exblog.jp,Female
Bethina,Gerardin,bgerardine0@joomla.org,Female
Simonette,Newe,snewee1@jigsy.com,Female
Tilly,Fairall,tfairalle2@sogou.com,Female
Jonathon,Fassbender,jfassbendere3@prlog.org,Male
Blaire,Stogill,bstogille4@squarespace.com,Female
Kayle,Naptine,knaptinee5@engadget.com,Female
Gilberto,Bavridge,gbavridgee6@nyu.edu,Male
Jacobo,Costock,jcostocke7@cnn.com,Male
Imojean,Challes,ichallese8@w3.org,Female
Othella,Jantel,ojantele9@netlog.com,Female
Llewellyn,Madill,lmadillea@latimes.com,Male
Maurene,Moggle,mmoggleeb@arizona.edu,Female
Lindie,Tant,ltantec@cbc.ca,Female
Lacee,Dufton,lduftoned@hibu.com,Female
Angele,Henighan,ahenighanee@live.com,Female
Lanny,Bachelor,lbacheloref@macromedia.com,Male
Melitta,de Castelain,mdecastelaineg@npr.org,Female
Ban,Simison,bsimisoneh@sphinn.com,Male
Eliot,Colclough,ecolcloughei@dmoz.org,Male
Tandie,Wardesworth,twardesworthej@oracle.com,Female
Hernando,Anster,hansterek@independent.co.uk,Male
Odetta,Reimer,oreimerel@biglobe.ne.jp,Female
Carney,Choat,cchoatem@adobe.com,Male
Rosalinda,Stiger,rstigeren@un.org,Female
Filia,Odlin,fodlineo@ovh.net,Female
Babbie,Mably,bmablyep@feedburner.com,Female
Jere,Sphinxe,jsphinxeeq@sciencedirect.com,Male
Imogene,Renvoise,irenvoiseer@vinaora.com,Female
Grady,Fahrenbacher,gfahrenbacheres@japanpost.jp,Male
Thebault,Morin,tmorinet@twitpic.com,Male
Dmitri,Avann,davanneu@amazon.co.uk,Male
Thedric,Kennelly,tkennellyev@nature.com,Male
Zenia,Koop,zkoopew@vimeo.com,Female
Maynard,Towey,mtoweyex@nasa.gov,Male
Salomo,Sign,ssigney@wp.com,Male
Abbye,De Ruggero,aderuggeroez@sciencedaily.com,Female
Manya,Destouche,mdestouchef0@infoseek.co.jp,Female
Gavrielle,McKague,gmckaguef1@histats.com,Female
Shaine,Okie,sokief2@mysql.com,Female
Abigale,Jelks,ajelksf3@bbc.co.uk,Female
Velma,Leisk,vleiskf4@51.la,Female
Evelyn,Gillman,egillmanf5@icq.com,Male
Warde,Regnard,wregnardf6@nytimes.com,Male
Casandra,O'Hoolahan,cohoolahanf7@telegraph.co.uk,Female
Fayre,Leverton,flevertonf8@usgs.gov,Female
Dimitry,Balchen,dbalchenf9@samsung.com,Male
Eleonore,Eickhoff,eeickhofffa@cmu.edu,Female
Dal,Burhouse,dburhousefb@yale.edu,Male
Melany,Maymand,mmaymandfc@parallels.com,Female
Heath,Storey,hstoreyfd@de.vu,Male
Stevie,Odell,sodellfe@alexa.com,Male
Araldo,Emblen,aemblenff@usda.gov,Male
Shell,Riden,sridenfg@skyrock.com,Male
Hyman,Faustin,hfaustinfh@photobucket.com,Male
Gina,Rex,grexfi@geocities.com,Female
Briano,Rabjohn,brabjohnfj@oakley.com,Male
Jamey,Joret,jjoretfk@tuttocitta.it,Male
Winifred,Yegorkin,wyegorkinfl@blinklist.com,Female
Selig,Syncke,ssynckefm@businesswire.com,Male
Milton,Scolts,mscoltsfn@shop-pro.jp,Male
Ediva,Ledeker,eledekerfo@jimdo.com,Female
Courtenay,Baldi,cbaldifp@columbia.edu,Female
Brittani,McDirmid,bmcdirmidfq@arstechnica.com,Female
Jackquelin,Gobel,jgobelfr@e-recht24.de,Female
Valle,Dancey,vdanceyfs@netscape.com,Male
Torrence,Juanico,tjuanicoft@csmonitor.com,Male
Dawn,Poyner,dpoynerfu@ted.com,Female
Fransisco,Chanter,fchanterfv@nsw.gov.au,Male
Patric,Jilkes,pjilkesfw@nih.gov,Male
Madison,Nyssens,mnyssensfx@columbia.edu,Male
Gray,Porch,gporchfy@accuweather.com,Male
Farr,Basey,fbaseyfz@livejournal.com,Male
Siana,Crowcombe,scrowcombeg0@mediafire.com,Female
Gare,Canton,gcantong1@dropbox.com,Male
Torin,Lipscomb,tlipscombg2@dedecms.com,Male
Marvin,Simonutti,msimonuttig3@slideshare.net,Male
Quentin,Wilstead,qwilsteadg4@last.fm,Female
Redd,Castrillo,rcastrillog5@bloomberg.com,Male
Karylin,Pilbury,kpilburyg6@stumbleupon.com,Female
Bryna,Gunby,bgunbyg7@va.gov,Female
Wiatt,Miskimmon,wmiskimmong8@washington.edu,Male
Tim,Voss,tvossg9@deviantart.com,Male
Filbert,Kermon,fkermonga@hatena.ne.jp,Male
Benn,Brissard,bbrissardgb@gov.uk,Male
Forester,Baldcock,fbaldcockgc@homestead.com,Male
Kate,Sowman,ksowmangd@lycos.com,Female
Land,Brazelton,lbrazeltonge@nymag.com,Male
Blondelle,Quilter,bquiltergf@seattletimes.com,Female
Noll,Gullen,ngullengg@mozilla.com,Male
Gay,Jansey,gjanseygh@kickstarter.com,Male
Corabelle,Brugman,cbrugmangi@usatoday.com,Female
Gerri,McGebenay,gmcgebenaygj@yelp.com,Male
Jermaine,Musslewhite,jmusslewhitegk@unblog.fr,Male
Gaye,McGaugey,gmcgaugeygl@nih.gov,Female
Richmound,Houltham,rhoulthamgm@symantec.com,Male
Page,Jerred,pjerredgn@slashdot.org,Female
Thurstan,Rikel,trikelgo@hp.com,Male
Maggie,Jellett,mjellettgp@virginia.edu,Female
Bee,Cage,bcagegq@chicagotribune.com,Female
Evanne,Cardno,ecardnogr@disqus.com,Female
Teador,Yuryatin,tyuryatings@github.io,Male
Corabella,Matthewes,cmatthewesgt@xrea.com,Female
Reid,Kyteley,rkyteleygu@bloglines.com,Male
Doralin,Janecek,djanecekgv@storify.com,Female
Gregg,Haslock(e),ghaslockegw@ocn.ne.jp,Male
Wittie,Pogue,wpoguegx@amazon.com,Male
Menard,Ivanisov,mivanisovgy@github.com,Male
Wini,Matiasek,wmatiasekgz@lycos.com,Female
Sharline,Pepall,spepallh0@netlog.com,Female
Allyson,Pell,apellh1@ycombinator.com,Female
Briney,Sprague,bspragueh2@wiley.com,Female
Norine,Bordiss,nbordissh3@time.com,Female
Giorgi,Parlatt,gparlatth4@weibo.com,Male
Kriste,McNeigh,kmcneighh5@sun.com,Female
Edeline,Cannam,ecannamh6@tiny.cc,Female
Lelah,Conigsby,lconigsbyh7@stanford.edu,Female
Ilse,Aronsohn,iaronsohnh8@msn.com,Female
Haslett,Balcock,hbalcockh9@macromedia.com,Male
Kelcy,Kettlestringes,kkettlestringesha@pcworld.com,Female
Gennie,Ferrieroi,gferrieroihb@oracle.com,Female
Melania,Caldaro,mcaldarohc@ocn.ne.jp,Female
Delia,Willstrop,dwillstrophd@telegraph.co.uk,Female
Pauletta,Caudray,pcaudrayhe@t.co,Female
Fianna,Milesop,fmilesophf@live.com,Female
Elberta,Aucoate,eaucoatehg@ning.com,Female
Bethanne,Frenzl,bfrenzlhh@cloudflare.com,Female
Valry,Webermann,vwebermannhi@sciencedirect.com,Female
Durward,Vallens,dvallenshj@constantcontact.com,Male
Phillip,Ruddiforth,pruddiforthhk@nature.com,Male
Myrna,Featherston,mfeatherstonhl@dmoz.org,Female
Nicko,Bastick,nbastickhm@goo.ne.jp,Male
Lorens,Gallagher,lgallagherhn@purevolume.com,Male
Liliane,Kubis,lkubisho@home.pl,Female
Edmon,Tolland,etollandhp@php.net,Male
Nomi,Stang-Gjertsen,nstanggjertsenhq@addtoany.com,Female
Ellerey,Haimes,ehaimeshr@seattletimes.com,Male
Gianna,Laidlaw,glaidlawhs@sun.com,Female
Lemar,Mc Caughen,lmccaughenht@hatena.ne.jp,Male
Tally,Burvill,tburvillhu@cocolog-nifty.com,Male
Raff,Raff,rraffhv@shareasale.com,Male
Chrissy,Neylon,cneylonhw@latimes.com,Male
Carver,Dignan,cdignanhx@chron.com,Male
Flora,Borrott,fborrotthy@joomla.org,Female
Helaine,Erskine Sandys,herskinesandyshz@istockphoto.com,Female
Rosa,Boustred,rboustredi0@tripadvisor.com,Female
Nat,Divall,ndivalli1@google.pl,Female
Jessee,Pescod,jpescodi2@umn.edu,Male
Ernesto,Dowyer,edowyeri3@yellowbook.com,Male
Federico,Darrel,fdarreli4@spiegel.de,Male
Elvyn,Egginton,eeggintoni5@4shared.com,Male
Cleve,McIlvaney,cmcilvaneyi6@stanford.edu,Male
Patrica,Maplesden,pmaplesdeni7@usgs.gov,Female
Tabitha,Summerlad,tsummerladi8@goo.ne.jp,Female
Nikolos,Van den Dael,nvandendaeli9@printfriendly.com,Male
Ulysses,Soares,usoaresia@over-blog.com,Male
Leopold,Kanter,lkanterib@nydailynews.com,Male
Stefa,Stienham,sstienhamic@geocities.jp,Female
Teodoro,Guilder,tguilderid@deviantart.com,Male
Arri,Yukhin,ayukhinie@tumblr.com,Male
Jane,Fellow,jfellowif@smugmug.com,Female
Donn,MacDonogh,dmacdonoghig@usgs.gov,Male
Sander,Wash,swashih@ft.com,Male
Morgen,Matanin,mmataninii@indiatimes.com,Male
Laetitia,Wilman,lwilmanij@constantcontact.com,Female
Merle,Semiraz,msemirazik@va.gov,Male
Rustie,Headley,rheadleyil@freewebs.com,Male
Marcel,Harberer,mharbererim@stanford.edu,Male
Lemuel,Blanpein,lblanpeinin@auda.org.au,Male
Siobhan,Volet,svoletio@free.fr,Female
Penni,Whartonby,pwhartonbyip@example.com,Female
Tansy,Golby,tgolbyiq@myspace.com,Female
Bonnie,Hoyte,bhoyteir@godaddy.com,Female
Carson,Rapa,crapais@yellowpages.com,Male
Waiter,Kleinzweig,wkleinzweigit@loc.gov,Male
Hillel,O'Sirin,hosiriniu@odnoklassniki.ru,Male
Fitzgerald,Marking,fmarkingiv@privacy.gov.au,Male
Lynna,Niblett,lniblettiw@godaddy.com,Female
Bianka,Power,bpowerix@ifeng.com,Female
Neill,Farreil,nfarreiliy@mtv.com,Male
Lew,Hayesman,lhayesmaniz@slashdot.org,Male
Dorine,Colchett,dcolchettj0@bluehost.com,Female
Gladi,Witsey,gwitseyj1@ed.gov,Female
Margarette,Bushel,mbushelj2@google.co.jp,Female
Manolo,Skupinski,mskupinskij3@hostgator.com,Male
Muffin,Fowls,mfowlsj4@spotify.com,Male
Alfons,Redmain,aredmainj5@exblog.jp,Male
Cornie,Muzzlewhite,cmuzzlewhitej6@geocities.jp,Female
Barret,Perone,bperonej7@devhub.com,Male
Valentine,Ormerod,vormerodj8@telegraph.co.uk,Male
Ardeen,Hammell,ahammellj9@engadget.com,Female
Mariska,Cutress,mcutressja@google.cn,Female
Brittne,Baseley,bbaseleyjb@drupal.org,Female
Ciel,Erickssen,cerickssenjc@trellian.com,Female
Margie,Trustrie,mtrustriejd@china.com.cn,Female
Sapphira,Long,slongje@wordpress.com,Female
Mick,Stonelake,mstonelakejf@cargocollective.com,Male
Loren,Beddoe,lbeddoejg@163.com,Male
Karlyn,Ricciardello,kricciardellojh@acquirethisname.com,Female
Michael,Tennet,mtennetji@earthlink.net,Male
Papageno,McGraffin,pmcgraffinjj@cpanel.net,Male
Emerson,Tumini,etuminijk@delicious.com,Male
Joan,Chittie,jchittiejl@bluehost.com,Female
Yasmin,Dabourne,ydabournejm@dailymail.co.uk,Female
Stanwood,Marsters,smarstersjn@adobe.com,Male
Faina,Kaygill,fkaygilljo@unicef.org,Female
Budd,MacCahee,bmaccaheejp@ucoz.ru,Male
Hirsch,Hillatt,hhillattjq@ihg.com,Male
Mahalia,Forestel,mforesteljr@earthlink.net,Female
Hadrian,Spillard,hspillardjs@wsj.com,Male
Penelope,Tarply,ptarplyjt@irs.gov,Female
Bobby,Losemann,blosemannju@sina.com.cn,Female
Sawyere,D'Agostini,sdagostinijv@macromedia.com,Male
Lilly,Chesterton,lchestertonjw@dyndns.org,Female
Sebastiano,Batson,sbatsonjx@nbcnews.com,Male
Abram,Clemencon,aclemenconjy@bing.com,Male
Yvonne,Gerriets,ygerrietsjz@globo.com,Female
Blair,Fraschetti,bfraschettik0@springer.com,Male
Kippy,Strank,kstrankk1@sina.com.cn,Male
Muriel,Limeburn,mlimeburnk2@scientificamerican.com,Female
Shelagh,Argrave,sargravek3@netscape.com,Female
Mahala,Boatman,mboatmank4@rambler.ru,Female
Consuelo,Klimashevich,cklimashevichk5@soup.io,Female
Dillie,Kerr,dkerrk6@cyberchimps.com,Male
Zulema,Klimes,zklimesk7@purevolume.com,Female
Lyle,Aristide,laristidek8@furl.net,Male
Dalila,Methuen,dmethuenk9@squidoo.com,Female
Kaylil,Mardee,kmardeeka@cocolog-nifty.com,Female
Karol,Leaver,kleaverkb@techcrunch.com,Female
Suzy,Drohane,sdrohanekc@google.com.hk,Female
Lombard,McGillivrie,lmcgillivriekd@sitemeter.com,Male
Hyacintha,Dallan,hdallanke@studiopress.com,Female
Moss,Tzuker,mtzukerkf@so-net.ne.jp,Male
Townsend,Cleynaert,tcleynaertkg@house.gov,Male
Kerrin,Hellewell,khellewellkh@cornell.edu,Female
Norri,Gumey,ngumeyki@delicious.com,Female
Shelton,Boame,sboamekj@scribd.com,Male
Samara,Kingsman,skingsmankk@theguardian.com,Female
Morgun,Saunderson,msaundersonkl@barnesandnoble.com,Male
Hyatt,Klosa,hklosakm@fotki.com,Male
Hillier,Dietmar,hdietmarkn@stumbleupon.com,Male
Annamarie,Chislett,achislettko@house.gov,Female
Merrilee,Marcombe,mmarcombekp@yale.edu,Female
Gal,Syddall,gsyddallkq@bloomberg.com,Male
Margret,Loisi,mloisikr@360.cn,Female
Wolfgang,Pigrome,wpigromeks@chronoengine.com,Male
Marcelline,Waddams,mwaddamskt@ning.com,Female
Aubree,Ogger,aoggerku@adobe.com,Female
Bartel,McGrudder,bmcgrudderkv@wikispaces.com,Male
Rodger,Kalf,rkalfkw@intel.com,Male
Avrit,Oakwood,aoakwoodkx@twitpic.com,Female
Gan,Waldie,gwaldieky@sbwire.com,Male
Laurella,Saer,lsaerkz@ning.com,Female
Jodi,Aingell,jaingelll0@stanford.edu,Male
Dyna,Howsego,dhowsegol1@goodreads.com,Female
Cori,Gerold,cgeroldl2@ftc.gov,Male
Rriocard,Shepherdson,rshepherdsonl3@hatena.ne.jp,Male
Roman,Pylkynyton,rpylkynytonl4@freewebs.com,Male
Abby,Cowterd,acowterdl5@unesco.org,Female
Vernor,Woolfoot,vwoolfootl6@barnesandnoble.com,Male
Minda,Madeley,mmadeleyl7@answers.com,Female
Margareta,Iacabucci,miacabuccil8@weebly.com,Female
Arlen,Warham,awarhaml9@icq.com,Female
Matty,Chezelle,mchezellela@pagesperso-orange.fr,Male
Delmer,Jerrems,djerremslb@lycos.com,Male
Lotti,Dillingham,ldillinghamlc@youtu.be,Female
Finn,Pedracci,fpedraccild@blog.com,Male
Lindon,Escalante,lescalantele@elpais.com,Male
Atlanta,Josephy,ajosephylf@addthis.com,Female
Riobard,Moncarr,rmoncarrlg@google.es,Male
Sunny,Varnham,svarnhamlh@bing.com,Female
Ranee,Nyles,rnylesli@constantcontact.com,Female
Hailee,O'Nolan,honolanlj@xinhuanet.com,Female
Wye,Sherborn,wsherbornlk@jugem.jp,Male
Gannie,Ruddell,gruddellll@soup.io,Male
Kristel,Tratton,ktrattonlm@vkontakte.ru,Female
Philippa,Gusney,pgusneyln@upenn.edu,Female
Pepito,Nowak,pnowaklo@boston.com,Male
Zollie,Perrygo,zperrygolp@comcast.net,Male
Susie,Leathlay,sleathlaylq@t-online.de,Female
Winthrop,Drinan,wdrinanlr@nationalgeographic.com,Male
Jakob,Call,jcallls@si.edu,Male
Adelice,Kettlewell,akettlewelllt@huffingtonpost.com,Female
Joseito,Cooley,jcooleylu@statcounter.com,Male
Haskell,Spacey,hspaceylv@sohu.com,Male
Consalve,Takis,ctakislw@wsj.com,Male
Darrel,Clementucci,dclementuccilx@exblog.jp,Male
Deirdre,Scorthorne,dscorthornely@sohu.com,Female
Charlotte,Amiss,camisslz@redcross.org,Female
Derwin,Lorincz,dlorinczm0@ed.gov,Male
Antoine,Old,aoldm1@rediff.com,Male
Sansone,Chamberlain,schamberlainm2@purevolume.com,Male
Uriah,Pennycord,upennycordm3@shinystat.com,Male
Tedda,De Moreno,tdemorenom4@tamu.edu,Female
Penn,Doge,pdogem5@vimeo.com,Male
Dulcy,Quilkin,dquilkinm6@themeforest.net,Female
Shoshana,Gobat,sgobatm7@alibaba.com,Female
Sharline,Claybourn,sclaybournm8@ihg.com,Female
Farr,Brosio,fbrosiom9@craigslist.org,Male
Harlie,Launder,hlaunderma@bluehost.com,Female
Jocko,Rockhill,jrockhillmb@earthlink.net,Male
Brooke,Greville,bgrevillemc@army.mil,Male
Polly,Waltering,pwalteringmd@bravesites.com,Female
Loy,Waind,lwaindme@ameblo.jp,Male
Gerard,Barehead,gbareheadmf@tuttocitta.it,Male
Mimi,Goncalo,mgoncalomg@seesaa.net,Female
Renee,Pollastrone,rpollastronemh@qq.com,Female
Rebekkah,Mynard,rmynardmi@networkadvertising.org,Female
Mufinella,Fontin,mfontinmj@telegraph.co.uk,Female
Melinda,Kimmins,mkimminsmk@ebay.com,Female
Willy,Beine,wbeineml@exblog.jp,Female
Amitie,Bunney,abunneymm@nifty.com,Female
Christy,Nickoll,cnickollmn@state.tx.us,Male
Rivkah,Broszkiewicz,rbroszkiewiczmo@linkedin.com,Female
Ciro,Manilo,cmanilomp@netvibes.com,Male
Gaby,Tyce,gtycemq@rakuten.co.jp,Female
Celesta,Poppleton,cpoppletonmr@arstechnica.com,Female
Darwin,Kivelhan,dkivelhanms@weather.com,Male
Kin,Hamer,khamermt@dagondesign.com,Male
Caroljean,Trusse,ctrussemu@usatoday.com,Female
Bride,Janiszewski,bjaniszewskimv@buzzfeed.com,Female
Remy,Mellenby,rmellenbymw@nps.gov,Female
Win,Wisson,wwissonmx@toplist.cz,Male
Yves,Paulitschke,ypaulitschkemy@meetup.com,Male
Sid,Yerson,syersonmz@creativecommons.org,Male
Mirabella,Gatteridge,mgatteridgen0@t-online.de,Female
Shellysheldon,Conan,sconann1@ocn.ne.jp,Male
Lauritz,Alkin,lalkinn2@people.com.cn,Male
Beckie,Alexsandrev,balexsandrevn3@admin.ch,Female
Linn,Vondrys,lvondrysn4@com.com,Female
Austin,Stedmond,astedmondn5@e-recht24.de,Male
Mikey,Casebourne,mcasebournen6@nba.com,Male
Britta,Atcherley,batcherleyn7@tumblr.com,Female
Maximo,Iwanicki,miwanickin8@weebly.com,Male
Moshe,Crame,mcramen9@ucla.edu,Male
Zelig,Lennard,zlennardna@dropbox.com,Male
Bruno,Capelow,bcapelownb@seesaa.net,Male
Renato,Rackham,rrackhamnc@ustream.tv,Male
Coleman,Taylorson,ctaylorsonnd@businesswire.com,Male
Lynna,Grunwall,lgrunwallne@dell.com,Female
Byram,Pellissier,bpellissiernf@mtv.com,Male
Lisabeth,Bauman,lbaumanng@artisteer.com,Female
Marion,Kondrat,mkondratnh@edublogs.org,Male
Reginald,Joburn,rjoburnni@google.com.hk,Male
Ursulina,Le Barr,ulebarrnj@lulu.com,Female
Burt,Prene,bprenenk@rambler.ru,Male
Skell,Baillie,sbaillienl@npr.org,Male
Gertrud,Charlet,gcharletnm@barnesandnoble.com,Female
Egon,MacGillivray,emacgillivraynn@posterous.com,Male
Merrick,Yerlett,myerlettno@mtv.com,Male
Meggi,Kamall,mkamallnp@unblog.fr,Female
Alix,Youll,ayoullnq@tinypic.com,Female
Shani,Petters,spettersnr@state.gov,Female
Clare,Powe,cpowens@soup.io,Male
Brittani,Bakes,bbakesnt@noaa.gov,Female
Christalle,Rieger,criegernu@freewebs.com,Female
Noelle,Naisbit,nnaisbitnv@wp.com,Female
Hewe,Kimbly,hkimblynw@patch.com,Male
Roslyn,Feyer,rfeyernx@icq.com,Female
Patrizio,Chasemoore,pchasemooreny@mashable.com,Male
Delmar,Mulmuray,dmulmuraynz@networksolutions.com,Male
Chase,Eisikovitsh,ceisikovitsho0@google.de,Male
Leonid,Hewins,lhewinso1@reference.com,Male
Marni,Fritschmann,mfritschmanno2@icq.com,Female
Elwin,Keates,ekeateso3@drupal.org,Male
Meagan,Corzon,mcorzono4@4shared.com,Female
Nicol,Burditt,nburditto5@amazon.co.jp,Female
Malchy,Fawdry,mfawdryo6@blogs.com,Male
Coralyn,Pelman,cpelmano7@tinypic.com,Female
Sibylle,Horlick,shorlicko8@fotki.com,Female
Norah,Yeldham,nyeldhamo9@redcross.org,Female
Willem,Cadwell,wcadwelloa@vistaprint.com,Male
Ogdon,Haighton,ohaightonob@issuu.com,Male
Zara,Lidgertwood,zlidgertwoodoc@hud.gov,Female
Minnaminnie,Vaulkhard,mvaulkhardod@uiuc.edu,Female
Yulma,Tembey,ytembeyoe@va.gov,Male
Saunder,Blomefield,sblomefieldof@yelp.com,Male
Rafi,Kindleside,rkindlesideog@psu.edu,Male
Yvon,Begley,ybegleyoh@engadget.com,Male
Malissia,Antonchik,mantonchikoi@google.nl,Female
Wiatt,Pavlik,wpavlikoj@uol.com.br,Male
Avictor,Spraggon,aspraggonok@elegantthemes.com,Male
Cissy,Aizlewood,caizlewoodol@ameblo.jp,Female
Tiphanie,Goose,tgooseom@scientificamerican.com,Female
Krysta,Yockley,kyockleyon@studiopress.com,Female
Aloin,Toth,atothoo@about.com,Male
Tomasina,Thornhill,tthornhillop@cbsnews.com,Female
Sonnie,Danher,sdanheroq@purevolume.com,Female
Davy,Tocqueville,dtocquevilleor@furl.net,Male
Melly,Duckerin,mduckerinos@dedecms.com,Female
Ogden,Gianullo,ogianulloot@uol.com.br,Male
Darb,Kiltie,dkiltieou@google.nl,Male
Finlay,Das,fdasov@goodreads.com,Male
Neille,Attenbarrow,nattenbarrowow@dagondesign.com,Female
Wandie,Bilovus,wbilovusox@abc.net.au,Female
Chrisy,Armatys,carmatysoy@mlb.com,Male
Enos,Mattke,emattkeoz@gravatar.com,Male
Pauline,Gres,pgresp0@nih.gov,Female
Carrissa,Baudou,cbaudoup1@bravesites.com,Female
Kelcey,Chaffey,kchaffeyp2@hao123.com,Female
Salomo,Oxe,soxep3@reverbnation.com,Male
Hodge,Lowings,hlowingsp4@nytimes.com,Male
Lolita,Bergstram,lbergstramp5@kickstarter.com,Female
Jo,Sakins,jsakinsp6@delicious.com,Female
Ansley,Brose,abrosep7@yelp.com,Female
Mallory,Woolam,mwoolamp8@mapy.cz,Male
Stanislaw,MacMurray,smacmurrayp9@tmall.com,Male
Gabriele,Muspratt,gmusprattpa@nymag.com,Male
Batholomew,Liggett,bliggettpb@weather.com,Male
Stormie,Plomer,splomerpc@chron.com,Female
Kassandra,Salkeld,ksalkeldpd@google.fr,Female
Doroteya,Douglas,ddouglaspe@deviantart.com,Female
Cooper,Rye,cryepf@house.gov,Male
Rowan,Corde,rcordepg@photobucket.com,Male
Aldis,Lindeberg,alindebergph@studiopress.com,Male
Sybil,Firpo,sfirpopi@columbia.edu,Female
Danya,Ilyuchyov,dilyuchyovpj@mysql.com,Female
Crissy,Basnall,cbasnallpk@github.io,Female
Stephie,Ganning,sganningpl@weebly.com,Female
Loralyn,Guilbert,lguilbertpm@pbs.org,Female
Janel,Casaro,jcasaropn@usa.gov,Female
Jobie,Chisolm,jchisolmpo@dailymail.co.uk,Female
Son,Romeril,sromerilpp@intel.com,Male
Abel,Cheley,acheleypq@geocities.com,Male
Arlie,Copping,acoppingpr@comcast.net,Female
Glad,Dreamer,gdreamerps@fastcompany.com,Female
Olav,Mabbutt,omabbuttpt@lulu.com,Male
Carmela,Adamik,cadamikpu@epa.gov,Female
Yettie,Skelcher,yskelcherpv@google.de,Female
Ellyn,Scroggins,escrogginspw@storify.com,Female
Chanda,Lanham,clanhampx@businessweek.com,Female
Paige,Gavriel,pgavrielpy@symantec.com,Male
Adamo,Twitching,atwitchingpz@gnu.org,Male
Adrian,Bunson,abunsonq0@zimbio.com,Female
Hazel,McKeand,hmckeandq1@hexun.com,Male
Janessa,Haskins,jhaskinsq2@cbslocal.com,Female
Waiter,Sproat,wsproatq3@webmd.com,Male
Daron,Laughtisse,dlaughtisseq4@friendfeed.com,Female
Roth,Gowthrop,rgowthropq5@diigo.com,Male
Marje,Belfrage,mbelfrageq6@oracle.com,Female
Hogan,Botcherby,hbotcherbyq7@desdev.cn,Male
Arney,Thompkins,athompkinsq8@weibo.com,Male
Tracy,Palethorpe,tpalethorpeq9@amazon.de,Male
Donnamarie,O'Keaveny,dokeavenyqa@paginegialle.it,Female
Devlin,Hitzke,dhitzkeqb@ucoz.ru,Male
Rog,Roocroft,rroocroftqc@bizjournals.com,Male
Mellicent,Ruddoch,mruddochqd@home.pl,Female
Taylor,Drohane,tdrohaneqe@boston.com,Male
Claus,Abramski,cabramskiqf@google.co.uk,Male
Raphael,Llywarch,rllywarchqg@bravesites.com,Male
Rafaello,Sholem,rsholemqh@wikimedia.org,Male
Velvet,Rahlof,vrahlofqi@sitemeter.com,Female
Catharina,Schenfisch,cschenfischqj@seattletimes.com,Female
Berte,Cushworth,bcushworthqk@slideshare.net,Female
Cosetta,Askam,caskamql@histats.com,Female
Alvin,Penrith,apenrithqm@addtoany.com,Male
Berny,Gonet,bgonetqn@quantcast.com,Male
Chrissy,Pulford,cpulfordqo@slashdot.org,Female
Linea,Housego,lhousegoqp@dailymail.co.uk,Female
Chandra,Tanby,ctanbyqq@naver.com,Female
Alejoa,Pittam,apittamqr@barnesandnoble.com,Male
Michele,Luxen,mluxenqs@deviantart.com,Male
Frannie,Riseam,friseamqt@bluehost.com,Male
Andres,Nials,anialsqu@time.com,Male
Roxane,Carlone,rcarloneqv@dailymail.co.uk,Female
Claire,Delle,cdelleqw@soup.io,Male
Dedie,Probets,dprobetsqx@nasa.gov,Female
Boigie,Kalkhoven,bkalkhovenqy@netvibes.com,Male
Kaja,Prator,kpratorqz@pinterest.com,Female
Skipton,Marousek,smarousekr0@t-online.de,Male
Glennis,Ackrill,gackrillr1@youtube.com,Female
Kaja,Cregeen,kcregeenr2@yellowpages.com,Female
Aloise,Gillyett,agillyettr3@accuweather.com,Female
Nikolaos,Burel,nburelr4@multiply.com,Male
Shane,Angrave,sangraver5@slashdot.org,Male
Barbie,Brizell,bbrizellr6@ocn.ne.jp,Female
Caty,Kenrack,ckenrackr7@shareasale.com,Female
Nonna,Gush,ngushr8@pagesperso-orange.fr,Female
Tyson,Fridaye,tfridayer9@google.com,Male
Saidee,Andrivot,sandrivotra@flavors.me,Female
Chad,McSwan,cmcswanrb@wired.com,Female
Edwina,Brunroth,ebrunrothrc@fema.gov,Female
Bendite,Silverton,bsilvertonrd@paginegialle.it,Female
Baryram,Footer,bfooterre@accuweather.com,Male
Percy,Rogers,progersrf@census.gov,Male
Jeri,Euplate,jeuplaterg@nyu.edu,Female
Hamlen,Kennler,hkennlerrh@oakley.com,Male
Harmony,Murr,hmurrri@yolasite.com,Female
Garrick,Bendix,gbendixrj@earthlink.net,Male
Gearard,Runcieman,grunciemanrk@zdnet.com,Male
Cathrine,Croughan,ccroughanrl@seesaa.net,Female
Calley,Doniso,cdonisorm@sfgate.com,Female
Chalmers,Wardle,cwardlern@furl.net,Male
Jourdan,Cowerd,jcowerdro@reverbnation.com,Female
Byram,Helversen,bhelversenrp@state.gov,Male
Lynnet,Simmell,lsimmellrq@barnesandnoble.com,Female
Jarvis,Dowdney,jdowdneyrr@purevolume.com,Male
